,numero_compras,gasto_total,edad
count,38.0,38.0,38.0
mean,52.0,2484.2778947368424,45.473684210526315
std,29.84735942868087,1543.1731670186139,16.83904221790838
min,1.0,25.0,20.0
25%,28.25,1313.47,29.75
50%,54.5,2547.27,46.5
75%,75.5,3825.66,59.5
max,99.0,4908.07,73.0
