,edad,numero_compras,gasto_total
edad,1.0,0.21493598050604876,-0.006676246941375642
numero_compras,0.21493598050604876,1.0,0.0617673030448454
gasto_total,-0.006676246941375642,0.0617673030448454,1.0
